{
  "static": {
    "urban_alloc": {
      "mean": 0.77874,
      "std": 0.004223789767495539,
      "n": 50
    },
    "rural_alloc": {
      "mean": 0.7805333333333333,
      "std": 0.0071585225042912655,
      "n": 50
    },
    "gap": {
      "mean": 0.9978217706230603,
      "std": 0.013537350347888038,
      "n": 50
    },
    "avg_snr": {
      "mean": 16.94918911860291,
      "std": 0.014177420109806294,
      "n": 50
    },
    "runtime_s": {
      "mean": 9.590733489990235,
      "std": 0.23125504439765945,
      "n": 50
    }
  },
  "priority": {
    "urban_alloc": {
      "mean": 0.44000000000000006,
      "std": 5.551115123125783e-17,
      "n": 50
    },
    "rural_alloc": {
      "mean": 0.26666666666666655,
      "std": 0.0,
      "n": 50
    },
    "gap": {
      "mean": 1.6500000000000008,
      "std": 0.0,
      "n": 50
    },
    "avg_snr": {
      "mean": 16.98094868219407,
      "std": 0.0025856172895354747,
      "n": 50
    },
    "runtime_s": {
      "mean": 10.222837505340577,
      "std": 0.2603968813724729,
      "n": 50
    }
  },
  "demand": {
    "urban_alloc": {
      "mean": 0.40800000000000003,
      "std": 5.551115123125783e-17,
      "n": 50
    },
    "rural_alloc": {
      "mean": 0.29066666666666663,
      "std": 0.0,
      "n": 50
    },
    "gap": {
      "mean": 1.403669724770642,
      "std": 2.220446049250313e-16,
      "n": 50
    },
    "avg_snr": {
      "mean": 16.95942447498132,
      "std": 0.002909580018810374,
      "n": 50
    },
    "runtime_s": {
      "mean": 10.013163328170776,
      "std": 0.240966241138487,
      "n": 50
    }
  },
  "fairshare": {
    "urban_alloc": {
      "mean": 0.24,
      "std": 0.0,
      "n": 50
    },
    "rural_alloc": {
      "mean": 0.33333333333333337,
      "std": 5.551115123125783e-17,
      "n": 50
    },
    "gap": {
      "mean": 0.7199999999999998,
      "std": 0.0,
      "n": 50
    },
    "avg_snr": {
      "mean": 19.95427947944273,
      "std": 0.0036063077600765048,
      "n": 50
    },
    "runtime_s": {
      "mean": 9.887149209976196,
      "std": 0.21308798141678553,
      "n": 50
    }
  }
}