{
  "50000000.0": {
    "static": 0.998102434559135,
    "priority": 1.0,
    "demand": 1.0,
    "fairshare": 0.7199999999999998
  },
  "100000000.0": {
    "static": 0.9975780966316042,
    "priority": 1.0,
    "demand": 1.0,
    "fairshare": 0.7199999999999998
  },
  "200000000.0": {
    "static": 1.000572027485719,
    "priority": 1.2857142857142851,
    "demand": 1.2529032258064519,
    "fairshare": 0.7199999999999998
  },
  "300000000.0": {
    "static": 0.9986617079809996,
    "priority": 1.6500000000000008,
    "demand": 1.4036697247706422,
    "fairshare": 0.7199999999999998
  }
}