{
  "0.25": {
    "gap": 1.114285714285714,
    "avg_snr": 19.885034048286506
  },
  "0.3": {
    "gap": 0.8,
    "avg_snr": 19.93730615324937
  },
  "0.35": {
    "gap": 0.6599999999999999,
    "avg_snr": 19.997184638914153
  },
  "0.4": {
    "gap": 0.5,
    "avg_snr": 19.880722714021537
  }
}