{
  "priority": {
    "mean": 10.222837505340577,
    "std": 0.2603968813724729
  },
  "fairshare": {
    "mean": 9.887149209976196,
    "std": 0.21308798141678553
  },
  "overhead_pct": -3.2837095883507113
}