{
  "starlink_shell1": {
    "equal_static": {
      "rho_urban": {
        "mean": 0.35213,
        "std": 0.001832151740440747
      },
      "rho_suburban": {
        "mean": 0.352325,
        "std": 0.0039163599170658325
      },
      "rho_rural": {
        "mean": 0.3515666666666667,
        "std": 0.00298868235552429
      },
      "delta_geo": {
        "mean": 1.0072345137707164,
        "std": 0.01185336803864671
      },
      "avg_sinr_db": {
        "mean": 20.75429487061438,
        "std": 6.241279753900098
      },
      "n_allocated": {
        "mean": 352.0,
        "std": 0.0
      },
      "avg_snr_db_nointf": {
        "mean": 42.323154385562404,
        "std": 1.19984426365778
      }
    },
    "snr_priority": {
      "rho_urban": {
        "mean": 0.3931700000000001,
        "std": 0.039069685179176965
      },
      "rho_suburban": {
        "mean": 0.3921450000000001,
        "std": 0.042631848130241796
      },
      "rho_rural": {
        "mean": 0.25661999999999996,
        "std": 0.08301051633511396
      },
      "delta_geo": {
        "mean": 1.8380201750051608,
        "std": 0.9335006130399711
      },
      "avg_sinr_db": {
        "mean": 32.7277864877865,
        "std": 6.455858509517339
      },
      "n_allocated": {
        "mean": 352.0,
        "std": 0.0
      },
      "avg_snr_db_nointf": {
        "mean": 45.34336956381263,
        "std": 1.7279155707677398
      }
    },
    "demand_proportional": {
      "rho_urban": {
        "mean": 0.386958,
        "std": 0.0020535033479398028
      },
      "rho_suburban": {
        "mean": 0.34600499999999995,
        "std": 0.0039680568292301465
      },
      "rho_rural": {
        "mean": 0.2977333333333333,
        "std": 0.0028696883299604257
      },
      "delta_geo": {
        "mean": 1.3097258876348596,
        "std": 0.018190770019147224
      },
      "avg_sinr_db": {
        "mean": 21.998096480982134,
        "std": 6.333217643738931
      },
      "n_allocated": {
        "mean": 352.0,
        "std": 0.0
      },
      "avg_snr_db_nointf": {
        "mean": 42.71169698205135,
        "std": 1.229419023768315
      }
    },
    "fairshare": {
      "rho_urban": {
        "mean": 0.2800000000000001,
        "std": 5.551115123125783e-17
      },
      "rho_suburban": {
        "mean": 0.44000000000000006,
        "std": 0.0
      },
      "rho_rural": {
        "mean": 0.41,
        "std": 0.0
      },
      "delta_geo": {
        "mean": 0.6829268292682927,
        "std": 1.1102230246251565e-16
      },
      "avg_sinr_db": {
        "mean": 32.132531751606656,
        "std": 6.2586650210934085
      },
      "n_allocated": {
        "mean": 351.0,
        "std": 0.0
      },
      "avg_snr_db_nointf": {
        "mean": 45.05680257152345,
        "std": 1.6248071137026794
      }
    },
    "constellation": {
      "name": "Starlink Shell 1",
      "num_planes": 72,
      "sats_per_plane": 22,
      "altitude_km": 550.0,
      "inclination_deg": 53.0,
      "ref": "FCC-22-91"
    }
  }
}