{
  "starlink_shell1": {
    "equal_static": {
      "rho_urban": {
        "mean": 0.35118400000000005,
        "std": 0.0013678830359354704
      },
      "rho_suburban": {
        "mean": 0.35320000000000007,
        "std": 0.003982210441450826
      },
      "rho_rural": {
        "mean": 0.35256,
        "std": 0.0028087482383913776
      },
      "delta_geo": {
        "mean": 1.001858889098504,
        "std": 0.010618337598345216
      },
      "avg_sinr_db": {
        "mean": 42.33873273266247,
        "std": 1.20861114582295
      },
      "n_allocated": {
        "mean": 352.0,
        "std": 0.0
      },
      "avg_snr_db_nointf": {
        "mean": 42.33873273266247,
        "std": 1.20861114582295
      }
    },
    "snr_priority": {
      "rho_urban": {
        "mean": 0.45758,
        "std": 0.006537345026843845
      },
      "rho_suburban": {
        "mean": 0.34094500000000005,
        "std": 0.01719888005074749
      },
      "rho_rural": {
        "mean": 0.18340333333333333,
        "std": 0.015609476822323894
      },
      "delta_geo": {
        "mean": 2.5490137289506056,
        "std": 0.25874115925795393
      },
      "avg_sinr_db": {
        "mean": 47.196875924429236,
        "std": 1.4994613409004192
      },
      "n_allocated": {
        "mean": 352.0,
        "std": 0.0
      },
      "avg_snr_db_nointf": {
        "mean": 47.196875924429236,
        "std": 1.4994613409004192
      }
    },
    "demand_proportional": {
      "rho_urban": {
        "mean": 0.39202600000000004,
        "std": 0.002523625170265976
      },
      "rho_suburban": {
        "mean": 0.34317999999999993,
        "std": 0.0050811022426241505
      },
      "rho_rural": {
        "mean": 0.29117000000000004,
        "std": 0.003660933396462347
      },
      "delta_geo": {
        "mean": 1.356970103346825,
        "std": 0.02342142230149806
      },
      "avg_sinr_db": {
        "mean": 42.873794669591874,
        "std": 1.2650066071750745
      },
      "n_allocated": {
        "mean": 352.0,
        "std": 0.0
      },
      "avg_snr_db_nointf": {
        "mean": 42.873794669591874,
        "std": 1.2650066071750745
      }
    },
    "fairshare": {
      "rho_urban": {
        "mean": 0.2800000000000001,
        "std": 5.551115123125783e-17
      },
      "rho_suburban": {
        "mean": 0.44000000000000006,
        "std": 0.0
      },
      "rho_rural": {
        "mean": 0.41,
        "std": 0.0
      },
      "delta_geo": {
        "mean": 0.6829268292682927,
        "std": 1.1102230246251565e-16
      },
      "avg_sinr_db": {
        "mean": 46.626410017690475,
        "std": 1.4472473674995694
      },
      "n_allocated": {
        "mean": 351.0,
        "std": 0.0
      },
      "avg_snr_db_nointf": {
        "mean": 46.626410017690475,
        "std": 1.4472473674995694
      }
    },
    "constellation": {
      "name": "Starlink Shell 1",
      "num_planes": 72,
      "sats_per_plane": 22,
      "altitude_km": 550.0,
      "inclination_deg": 53.0,
      "ref": "FCC-22-91"
    }
  }
}