policy,n_users,n_iterations,mean_ms,std_ms,median_ms,p50_ms,p95_ms,p99_ms,min_ms,max_ms
fuzzy,10,5,12.825467810034752,1.8366985512035072,13.627981999889016,13.627981999889016,13.978017214685678,13.989738691598177,9.17571410536766,13.992669060826302
