policy,n_users,n_iterations,mean_ms,std_ms,median_ms,p50_ms,p95_ms,p99_ms,min_ms,max_ms
static,50,100,0.019320952706038952,0.005073478385898621,0.01837010495364666,0.01837010495364666,0.02267546951770782,0.027765242848545514,0.016839010640978813,0.06690016016364098
priority,50,100,0.04763919161632657,0.005304284281321314,0.046479515731334686,0.046479515731334686,0.05263498751446605,0.06315457168966547,0.04366994835436344,0.09330012835562229
fuzzy,50,100,63.21742698550224,1.5719425917392458,63.09124897234142,63.09124897234142,65.80130027141422,66.30510924849659,56.017111986875534,66.64184504188597
dqn,50,100,21.879692659713328,4.269037447598568,21.428949548862875,21.428949548862875,21.628054487518966,22.225183830596723,21.252237027511,64.34392393566668
