{
  "episode_rewards": [
    0.6129612694367204,
    0.6355007124464536,
    0.6281845446714105,
    0.6297320648342016,
    0.6321448192779053,
    0.6155146991818286,
    0.6207151859025057,
    0.6150056120282311,
    0.6170137202999432,
    0.6118467264354708,
    0.6316723273752884,
    0.6396919356040786,
    0.6186924377935157,
    0.6110195663217819,
    0.6060597841929194,
    0.6040835800832451,
    0.6117583834023784,
    0.6346237609209375,
    0.6103382325204759,
    0.6138957522278565,
    0.621529618653788,
    0.6052911629491439,
    0.6180602711828805,
    0.6017573712674842,
    0.6133439491572328,
    0.6062947108926757,
    0.6120897832760511,
    0.6156930548649823,
    0.6256499496859413,
    0.6034336699629222,
    0.6001112083765043,
    0.6365336670851653,
    0.6277208471302793,
    0.6325848532955081,
    0.604241885507893,
    0.624273254929675,
    0.6373556366299622,
    0.6309808938348624,
    0.614171023654702,
    0.6139584921096986,
    0.6189972933989607,
    0.6174157709146723,
    0.627582854047737,
    0.605727267935883,
    0.6187784032887522,
    0.6285612341986887,
    0.6061386441799159,
    0.6297295448669195,
    0.6062685597544872,
    0.6146590272315214,
    0.6246517201167385,
    0.6072780123867907,
    0.6215965197346109,
    0.609243732736244,
    0.6296400080336391,
    0.6309861322187356,
    0.6103465923705318,
    0.6130824592651014,
    0.6316793184919459,
    0.5960645279122365,
    0.6203594936575093,
    0.6104494284217469,
    0.6335433766679854,
    0.606297369867045,
    0.6164767269569239,
    0.6170953369045716,
    0.6269710804942596,
    0.613803916763771,
    0.609191387417068,
    0.6080347254889417,
    0.6119492449443567,
    0.6233009741575015,
    0.5970835837269737,
    0.6192498307929053,
    0.6037561092272633,
    0.6189894500594568,
    0.6054045453362894,
    0.6141041804985854,
    0.6092069577440139,
    0.6061196622647348,
    0.6196733482156744,
    0.6253759161448105,
    0.6285934942637195,
    0.5907521647280749,
    0.6067005708127389,
    0.612857546178497,
    0.6304941785786142,
    0.6408958503176811,
    0.6226914086035492,
    0.6163370678515792,
    0.6039516363908188,
    0.5969162401673043,
    0.6259356693714666,
    0.6263909588748314,
    0.6160056334529468,
    0.6190058982993375,
    0.6161158689617802,
    0.6276904480312159,
    0.6226993260396853,
    0.6137446427298816
  ],
  "episode_losses": [
    0.06850752234458923,
    0.06162613071501255,
    0.04755186606198549,
    0.04981710836291313,
    0.048771378584206104,
    0.03931240746751428,
    0.03927041869610548,
    0.043216357752680776,
    0.046369143202900885,
    0.03470087163150311,
    0.044861299358308314,
    0.03505757972598076,
    0.03459337502717972,
    0.042963473871350286,
    0.040504707209765914,
    0.04183816406875849,
    0.040524622425436974,
    0.040800802409648895,
    0.032504780776798727,
    0.04442514181137085,
    0.0463584553450346,
    0.03593379631638527,
    0.04147085174918175,
    0.038794333674013616,
    0.03851935472339392,
    0.042435526847839355,
    0.04049748107790947,
    0.04066691119223833,
    0.04488135352730751,
    0.035290143266320226,
    0.0440311849117279,
    0.037379104271531106,
    0.03955551385879517,
    0.037754934281110764,
    0.041926676779985426,
    0.0398491645231843,
    0.03550373120233417,
    0.047365255281329156,
    0.037606152892112735,
    0.03973888177424669,
    0.03723145853728056,
    0.041258578561246394,
    0.03503078632056713,
    0.041189145855605604,
    0.03816857524216175,
    0.04443100318312645,
    0.046951939538121226,
    0.03836222533136606,
    0.0401924729347229,
    0.03902457449585199,
    0.0391062268987298,
    0.037368327379226685,
    0.0378186097368598,
    0.0368709621950984,
    0.0449114553630352,
    0.03892357256263494,
    0.041561640612781045,
    0.040237813256680965,
    0.03959842752665281,
    0.04308763407170772,
    0.0374830512329936,
    0.04130853787064552,
    0.03475990928709507,
    0.040703884325921535,
    0.0406008742749691,
    0.041706726886332035,
    0.0422833152115345,
    0.04203214310109615,
    0.03723170459270477,
    0.038067004457116124,
    0.0380722539499402,
    0.030474664457142354,
    0.03701365757733584,
    0.041590123623609546,
    0.03581399992108345,
    0.04717166367918253,
    0.04071868173778057,
    0.04490311350673437,
    0.02956173997372389,
    0.038619791716337205,
    0.03808401934802532,
    0.0382603082805872,
    0.03976105079054833,
    0.043731219694018365,
    0.045929979905486105,
    0.03543256819248199,
    0.041330691799521445,
    0.03703022878617048,
    0.03487916719168425,
    0.036271240748465064,
    0.040205147862434384,
    0.034153984300792216,
    0.03341693850234151,
    0.03703096304088831,
    0.035542313009500504,
    0.03859467804431915,
    0.039029143378138544,
    0.035536330007016656,
    0.032802165299654004,
    0.03571953680366278
  ],
  "config": {
    "scenario": "urban_congestion_phase4",
    "episodes": 100,
    "max_steps_per_episode": 10,
    "action_dim": 20,
    "lr": 0.001,
    "epsilon": 0.1,
    "buffer_size": 10000,
    "batch_size": 64,
    "target_update_freq": 100,
    "log_freq": 10,
    "save_freq": 50,
    "output_dir": "models/dqn",
    "seed": 42
  },
  "final_episode": 100
}